{"stats":{"minecraft:mined":{"minecraft:tall_grass":1,"minecraft:grass":12,"minecraft:grass_block":2},"minecraft:picked_up":{"minecraft:beef":2,"minecraft:leather":2,"minecraft:mutton":2,"minecraft:white_wool":1,"minecraft:dirt":2},"minecraft:custom":{"minecraft:jump":113,"minecraft:time_since_rest":4204,"minecraft:damage_dealt":180,"minecraft:leave_game":2,"minecraft:play_time":4204,"minecraft:sprint_one_cm":5301,"minecraft:time_since_death":4204,"minecraft:walk_on_water_one_cm":163,"minecraft:walk_one_cm":2741,"minecraft:total_world_time":4204,"minecraft:mob_kills":2,"minecraft:fly_one_cm":25751,"minecraft:fall_one_cm":2717},"minecraft:killed":{"minecraft:sheep":1,"minecraft:cow":1},"minecraft:used":{"minecraft:dirt":2}},"DataVersion":3465}